,Cell,Batch,Group,ExpLibSize,Step,sizeFactor,cell_type,timepoints
Cell1,Cell1,Batch1,Path1,71591.7226260968,89,1.18775628058019,Clu1A,1
Cell2,Cell2,Batch1,Path3,48559.268908207305,19,0.7982339153413279,Clu2B,2
Cell3,Cell3,Batch1,Path2,88811.14938577199,17,1.47294670240901,Clu2A,2
Cell4,Cell4,Batch1,Path7,55452.028728804806,99,0.918186874707174,Clu3D,3
Cell5,Cell5,Batch1,Path1,83352.09813561679,64,1.36820367963171,Clu1A,1
Cell6,Cell6,Batch1,Path7,81019.2888122711,54,1.34090800964579,Clu3D,3
Cell7,Cell7,Batch1,Path4,60875.9305625907,42,1.00887098312426,Clu3A,3
Cell8,Cell8,Batch1,Path2,67066.784330588,66,1.10785889475995,Clu2A,2
Cell9,Cell9,Batch1,Path2,48780.7137699476,45,0.8018185274238171,Clu2A,2
Cell10,Cell10,Batch1,Path1,63869.7607465483,4,1.05683572369591,Clu1A,1
Cell11,Cell11,Batch1,Path1,73771.1115594558,42,1.2081129308468002,Clu1A,1
Cell12,Cell12,Batch1,Path1,61072.4227659358,38,0.999301055454497,Clu1A,1
Cell13,Cell13,Batch1,Path6,54675.5889963984,46,0.902894722245182,Clu3C,3
Cell14,Cell14,Batch1,Path3,52514.448986787,45,0.8698603842923391,Clu2B,2
Cell15,Cell15,Batch1,Path5,59445.5184329753,74,0.9761983950146049,Clu3B,3
Cell16,Cell16,Batch1,Path3,74149.03194613139,71,1.2127005765854,Clu2B,2
Cell17,Cell17,Batch1,Path6,54350.2783482804,43,0.903963528600052,Clu3C,3
Cell18,Cell18,Batch1,Path4,58442.4610694953,45,0.9572887441207429,Clu3A,3
Cell19,Cell19,Batch1,Path3,46220.1902145242,80,0.760299511330772,Clu2B,2
Cell20,Cell20,Batch1,Path5,66095.9377089398,54,1.09169525403938,Clu3B,3
Cell21,Cell21,Batch1,Path4,77775.3874960028,9,1.26914999529725,Clu3A,3
Cell22,Cell22,Batch1,Path1,80773.821597295,40,1.3170982926942099,Clu1A,1
Cell23,Cell23,Batch1,Path2,70469.8717347383,18,1.15151552356274,Clu2A,2
Cell24,Cell24,Batch1,Path1,41193.7671843244,3,0.67395640103193,Clu1A,1
Cell25,Cell25,Batch1,Path1,65933.7613292271,2,1.0839505187602398,Clu1A,1
Cell26,Cell26,Batch1,Path3,65593.1875135198,10,1.08500288194042,Clu2B,2
Cell27,Cell27,Batch1,Path1,55788.32755213849,73,0.91325392230008,Clu1A,1
Cell28,Cell28,Batch1,Path3,61950.9296988225,90,1.01582644601826,Clu2B,2
Cell29,Cell29,Batch1,Path7,50372.1040207497,92,0.8346391041056851,Clu3D,3
Cell30,Cell30,Batch1,Path3,68586.1675934769,82,1.12079967324123,Clu2B,2
Cell31,Cell31,Batch1,Path3,56082.539099718604,47,0.910590128000249,Clu2B,2
Cell32,Cell32,Batch1,Path2,43747.2294520921,26,0.7105095783684989,Clu2A,2
Cell33,Cell33,Batch1,Path3,55631.77716748611,41,0.9186472835985029,Clu2B,2
Cell34,Cell34,Batch1,Path1,78659.759287252,20,1.30157593578655,Clu1A,1
Cell35,Cell35,Batch1,Path5,56002.058448674296,86,0.9255698601431259,Clu3B,3
Cell36,Cell36,Batch1,Path6,69324.246993017,82,1.1313890777418,Clu3C,3
Cell37,Cell37,Batch1,Path5,72353.3568270187,90,1.18463207738903,Clu3B,3
Cell38,Cell38,Batch1,Path1,59926.8386208499,59,0.9759517473942501,Clu1A,1
Cell39,Cell39,Batch1,Path6,55800.356592190496,43,0.9180224429602709,Clu3C,3
Cell40,Cell40,Batch1,Path3,53855.5584463092,68,0.883886412303178,Clu2B,2
Cell41,Cell41,Batch1,Path5,69419.13612201241,89,1.1461714917883898,Clu3B,3
Cell42,Cell42,Batch1,Path2,48402.5858002893,73,0.7974281997815029,Clu2A,2
Cell43,Cell43,Batch1,Path5,62896.2717770737,88,1.04279325251038,Clu3B,3
Cell44,Cell44,Batch1,Path2,56505.888146517405,34,0.922231895680992,Clu2A,2
Cell45,Cell45,Batch1,Path2,38063.919919506,44,0.625827228713379,Clu2A,2
Cell46,Cell46,Batch1,Path5,45171.873696635594,46,0.7494799023845451,Clu3B,3
Cell47,Cell47,Batch1,Path1,71912.3910229427,91,1.1888415301097501,Clu1A,1
Cell48,Cell48,Batch1,Path3,57626.8687856566,41,0.946567794222658,Clu2B,2
Cell49,Cell49,Batch1,Path6,70309.1090396821,87,1.15082491022575,Clu3C,3
Cell50,Cell50,Batch1,Path6,87333.9794789531,53,1.43560425268731,Clu3C,3
Cell51,Cell51,Batch1,Path3,80400.5451986521,3,1.29932322085398,Clu2B,2
Cell52,Cell52,Batch1,Path7,68559.2557983298,45,1.13760459777473,Clu3D,3
Cell53,Cell53,Batch1,Path3,64601.4759681166,17,1.06356098214425,Clu2B,2
Cell54,Cell54,Batch1,Path1,57609.358918456,34,0.931489403031639,Clu1A,1
Cell55,Cell55,Batch1,Path1,82090.5642589292,81,1.34311139505429,Clu1A,1
Cell56,Cell56,Batch1,Path1,67457.0799389138,11,1.1184154129111399,Clu1A,1
Cell57,Cell57,Batch1,Path1,47348.2250338338,68,0.7858357616248309,Clu1A,1
Cell58,Cell58,Batch1,Path2,58039.0589484512,80,0.9709201359390142,Clu2A,2
Cell59,Cell59,Batch1,Path2,40791.052543827995,65,0.672756049279537,Clu2A,2
Cell60,Cell60,Batch1,Path3,57581.0172524877,58,0.9522078031414359,Clu2B,2
Cell61,Cell61,Batch1,Path7,35651.0709480877,5,0.592332481869208,Clu3D,3
Cell62,Cell62,Batch1,Path1,77870.34145046481,93,1.2833240118803,Clu1A,1
Cell63,Cell63,Batch1,Path3,52727.4462039416,81,0.878558823703516,Clu2B,2
Cell64,Cell64,Batch1,Path1,54940.3995587505,19,0.8999678371503059,Clu1A,1
Cell65,Cell65,Batch1,Path2,57880.529766152,2,0.965674763212803,Clu2A,2
Cell66,Cell66,Batch1,Path1,67673.0726647846,19,1.11428817606387,Clu1A,1
Cell67,Cell67,Batch1,Path3,68573.9521572321,42,1.14929569497955,Clu2B,2
Cell68,Cell68,Batch1,Path5,67076.5909842425,79,1.1045538166472,Clu3B,3
Cell69,Cell69,Batch1,Path1,53396.019406200496,61,0.8718664516045579,Clu1A,1
Cell70,Cell70,Batch1,Path7,45585.353500524696,90,0.763357941823171,Clu3D,3
Cell71,Cell71,Batch1,Path3,55395.60575747769,68,0.918680169947884,Clu2B,2
Cell72,Cell72,Batch1,Path7,63296.342527719695,68,1.04858125000137,Clu3D,3
Cell73,Cell73,Batch1,Path3,50786.3946418789,79,0.840443544771366,Clu2B,2
Cell74,Cell74,Batch1,Path3,59055.4323466841,49,0.9748500546899991,Clu2B,2
Cell75,Cell75,Batch1,Path3,47404.2674761987,42,0.7821689336688911,Clu2B,2
Cell76,Cell76,Batch1,Path7,59774.7253243654,63,0.975326906756018,Clu3D,3
Cell77,Cell77,Batch1,Path7,61437.2175988772,77,1.0052370415176999,Clu3D,3
Cell78,Cell78,Batch1,Path3,58152.542161958205,72,0.946748669144251,Clu2B,2
Cell79,Cell79,Batch1,Path5,57943.1599790357,17,0.9471433053368191,Clu3B,3
Cell80,Cell80,Batch1,Path4,85196.0542867802,33,1.40401691410721,Clu3A,3
Cell81,Cell81,Batch1,Path3,69739.1618874316,11,1.16276265505092,Clu2B,2
Cell82,Cell82,Batch1,Path6,74778.5393825161,33,1.21875166487144,Clu3C,3
Cell83,Cell83,Batch1,Path3,49779.5038707221,70,0.818442577035725,Clu2B,2
Cell84,Cell84,Batch1,Path1,61874.806196331905,48,1.0125378110802,Clu1A,1
Cell85,Cell85,Batch1,Path5,75430.3533580769,67,1.2215305613941,Clu3B,3
Cell86,Cell86,Batch1,Path1,59201.11854854519,17,0.98902407127305,Clu1A,1
Cell87,Cell87,Batch1,Path6,39109.781086436,22,0.643059675788828,Clu3C,3
Cell88,Cell88,Batch1,Path1,64149.344542775994,86,1.0502420106450898,Clu1A,1
Cell89,Cell89,Batch1,Path1,40905.0542783161,79,0.675567832151581,Clu1A,1
Cell90,Cell90,Batch1,Path1,50907.5218875462,7,0.8426633733545591,Clu1A,1
Cell91,Cell91,Batch1,Path1,78026.2715932229,52,1.2777991051843602,Clu1A,1
Cell92,Cell92,Batch1,Path1,67719.358939338,5,1.12333192214354,Clu1A,1
Cell93,Cell93,Batch1,Path2,74483.566124919,2,1.23235017034033,Clu2A,2
Cell94,Cell94,Batch1,Path7,63660.5902243025,39,1.04433891093127,Clu3D,3
Cell95,Cell95,Batch1,Path5,58569.434709664005,97,0.9606102654081858,Clu3B,3
Cell96,Cell96,Batch1,Path5,49768.4956509228,80,0.815795225910585,Clu3B,3
Cell97,Cell97,Batch1,Path3,82337.56733521441,34,1.3422892363197698,Clu2B,2
Cell98,Cell98,Batch1,Path3,60415.5692426575,100,0.993266410343151,Clu2B,2
Cell99,Cell99,Batch1,Path5,51894.8232701677,95,0.8492899727547559,Clu3B,3
Cell100,Cell100,Batch1,Path2,71185.5138789367,13,1.16440697251995,Clu2A,2
Cell101,Cell101,Batch1,Path2,74227.3672232008,41,1.21812682423321,Clu2A,2
Cell102,Cell102,Batch1,Path3,87476.9802468088,90,1.4370676952347499,Clu2B,2
Cell103,Cell103,Batch1,Path1,53071.7759353794,23,0.8656838179209991,Clu1A,1
Cell104,Cell104,Batch1,Path4,55371.839756307694,28,0.912300218168042,Clu3A,3
Cell105,Cell105,Batch1,Path2,55091.7685951751,54,0.893226135527277,Clu2A,2
Cell106,Cell106,Batch1,Path1,55540.5417717451,6,0.913286808649461,Clu1A,1
Cell107,Cell107,Batch1,Path1,55640.8994179738,98,0.902467199703234,Clu1A,1
Cell108,Cell108,Batch1,Path3,56436.111615098605,82,0.920949328055147,Clu2B,2
Cell109,Cell109,Batch1,Path4,79886.653842587,81,1.30673909263931,Clu3A,3
Cell110,Cell110,Batch1,Path2,52077.711901660194,35,0.841331476204643,Clu2A,2
Cell111,Cell111,Batch1,Path4,55401.7521125577,17,0.90386486955191,Clu3A,3
Cell112,Cell112,Batch1,Path6,68220.9710818863,49,1.12423629675151,Clu3C,3
Cell113,Cell113,Batch1,Path3,74978.33538878191,100,1.2376119862412298,Clu2B,2
Cell114,Cell114,Batch1,Path3,51306.7622081725,76,0.8525621645181279,Clu2B,2
Cell115,Cell115,Batch1,Path1,54088.8182495521,91,0.8857609342178739,Clu1A,1
Cell116,Cell116,Batch1,Path1,66484.5000884524,79,1.0998839550351498,Clu1A,1
Cell117,Cell117,Batch1,Path6,73390.5782984876,97,1.2228789017187098,Clu3C,3
Cell118,Cell118,Batch1,Path1,56940.7813104388,25,0.9300917331829621,Clu1A,1
Cell119,Cell119,Batch1,Path3,44981.2632814431,50,0.744020768387361,Clu2B,2
Cell120,Cell120,Batch1,Path2,84273.623490184,42,1.3987386550316203,Clu2A,2
Cell121,Cell121,Batch1,Path4,79778.8662547094,38,1.31502645268323,Clu3A,3
Cell122,Cell122,Batch1,Path3,51944.2221463515,47,0.8607837518632859,Clu2B,2
Cell123,Cell123,Batch1,Path3,59100.016658796696,40,0.9637180254246558,Clu2B,2
Cell124,Cell124,Batch1,Path1,42112.7680558437,30,0.6890183490482579,Clu1A,1
Cell125,Cell125,Batch1,Path5,67100.3537121439,81,1.09833829661426,Clu3B,3
Cell126,Cell126,Batch1,Path3,82658.20394787191,89,1.3472715182509398,Clu2B,2
Cell127,Cell127,Batch1,Path2,43154.581654233996,18,0.715606962522497,Clu2A,2
Cell128,Cell128,Batch1,Path1,51230.293058282805,42,0.846247985437047,Clu1A,1
Cell129,Cell129,Batch1,Path1,52668.0670871535,34,0.874480916380318,Clu1A,1
Cell130,Cell130,Batch1,Path2,52248.8793257361,6,0.864549238867368,Clu2A,2
Cell131,Cell131,Batch1,Path2,39868.54239942,20,0.663449212404819,Clu2A,2
Cell132,Cell132,Batch1,Path1,66183.9133638481,46,1.086564983536,Clu1A,1
Cell133,Cell133,Batch1,Path1,44074.663477234695,27,0.718731165713657,Clu1A,1
Cell134,Cell134,Batch1,Path2,59575.5463158238,62,0.9788293029650551,Clu2A,2
Cell135,Cell135,Batch1,Path4,67413.255331604,13,1.1142388465398,Clu3A,3
Cell136,Cell136,Batch1,Path2,57547.208982058204,23,0.942374784676627,Clu2A,2
Cell137,Cell137,Batch1,Path2,71567.8821148674,94,1.1895979161455101,Clu2A,2
Cell138,Cell138,Batch1,Path2,59566.9986526967,73,0.987363310629328,Clu2A,2
Cell139,Cell139,Batch1,Path4,52599.81648718179,29,0.8722446446224351,Clu3A,3
Cell140,Cell140,Batch1,Path2,68136.7424265748,40,1.12178626372265,Clu2A,2
Cell141,Cell141,Batch1,Path6,54898.0688988196,39,0.9111163095903391,Clu3C,3
Cell142,Cell142,Batch1,Path2,85350.5555255932,96,1.41621774972743,Clu2A,2
Cell143,Cell143,Batch1,Path1,59655.8835840405,62,0.990125763977301,Clu1A,1
Cell144,Cell144,Batch1,Path1,71009.0774116904,61,1.1579612480413402,Clu1A,1
Cell145,Cell145,Batch1,Path6,62382.0330277082,64,1.02107181874447,Clu3C,3
Cell146,Cell146,Batch1,Path3,32806.7734349575,20,0.541539515250825,Clu2B,2
Cell147,Cell147,Batch1,Path1,45559.644459033,27,0.7497758795289711,Clu1A,1
Cell148,Cell148,Batch1,Path6,55005.0098347575,100,0.901612154619337,Clu3C,3
Cell149,Cell149,Batch1,Path1,62778.04772008769,53,1.0290138721199,Clu1A,1
Cell150,Cell150,Batch1,Path7,37475.9763472973,15,0.6141361315085649,Clu3D,3
Cell151,Cell151,Batch1,Path2,72572.3538028673,1,1.19155465393366,Clu2A,2
Cell152,Cell152,Batch1,Path2,53056.6162349135,59,0.8707812020749971,Clu2A,2
Cell153,Cell153,Batch1,Path1,51504.5042569555,63,0.8445214520945641,Clu1A,1
Cell154,Cell154,Batch1,Path3,43865.2485805303,28,0.7204083695320691,Clu2B,2
Cell155,Cell155,Batch1,Path2,44766.7632981533,81,0.7333327048386559,Clu2A,2
Cell156,Cell156,Batch1,Path1,60552.5200362442,6,0.9982651354490072,Clu1A,1
Cell157,Cell157,Batch1,Path2,66295.2733206586,10,1.0888341416432599,Clu2A,2
Cell158,Cell158,Batch1,Path1,39356.774850818,23,0.6402643360914749,Clu1A,1
Cell159,Cell159,Batch1,Path1,48978.054239771904,41,0.8094974900041941,Clu1A,1
Cell160,Cell160,Batch1,Path1,66646.2689603651,36,1.09902890995126,Clu1A,1
Cell161,Cell161,Batch1,Path1,54687.6170297371,43,0.8921244428230258,Clu1A,1
Cell162,Cell162,Batch1,Path7,92325.3195043891,98,1.52336147600952,Clu3D,3
Cell163,Cell163,Batch1,Path3,76814.5484815941,29,1.28403106839199,Clu2B,2
Cell164,Cell164,Batch1,Path5,67447.1499724714,27,1.12505845548602,Clu3B,3
Cell165,Cell165,Batch1,Path7,59932.66073863571,51,0.9833182896555109,Clu3D,3
Cell166,Cell166,Batch1,Path3,63314.658703080306,90,1.04506241061764,Clu2B,2
Cell167,Cell167,Batch1,Path1,51990.6292683456,74,0.845968451467312,Clu1A,1
Cell168,Cell168,Batch1,Path3,67887.2439456927,94,1.1034356807682602,Clu2B,2
Cell169,Cell169,Batch1,Path6,80502.4414901675,83,1.3256651867078602,Clu3C,3
Cell170,Cell170,Batch1,Path3,74360.9324937265,31,1.21725533597462,Clu2B,2
Cell171,Cell171,Batch1,Path2,50886.40877281981,94,0.830051458367087,Clu2A,2
Cell172,Cell172,Batch1,Path7,43313.7159818535,27,0.7170539618952451,Clu3D,3
Cell173,Cell173,Batch1,Path7,58575.3278291637,35,0.971544976577246,Clu3D,3
Cell174,Cell174,Batch1,Path3,65393.4823474628,21,1.0768635104687099,Clu2B,2
Cell175,Cell175,Batch1,Path3,78448.59087810799,79,1.3049303434233799,Clu2B,2
Cell176,Cell176,Batch1,Path7,45994.545993968204,43,0.760398170378914,Clu3D,3
Cell177,Cell177,Batch1,Path2,64400.5156160946,20,1.05774009830388,Clu2A,2
Cell178,Cell178,Batch1,Path6,62736.579839255595,87,1.03437434706894,Clu3C,3
Cell179,Cell179,Batch1,Path2,76022.98838278139,46,1.25997470382006,Clu2A,2
Cell180,Cell180,Batch1,Path7,59540.8556557454,57,0.9735839302388449,Clu3D,3
Cell181,Cell181,Batch1,Path1,55744.8455808488,19,0.917512704544872,Clu1A,1
Cell182,Cell182,Batch1,Path1,47602.3387671588,24,0.7872498746481981,Clu1A,1
Cell183,Cell183,Batch1,Path7,53987.936545355,100,0.8768158471863431,Clu3D,3
Cell184,Cell184,Batch1,Path2,55691.0786645224,6,0.9197325331280641,Clu2A,2
Cell185,Cell185,Batch1,Path7,95808.9003482718,70,1.5493745783696002,Clu3D,3
Cell186,Cell186,Batch1,Path1,97665.75600824789,13,1.63690159724614,Clu1A,1
Cell187,Cell187,Batch1,Path5,57910.809812344596,27,0.9625834463710241,Clu3B,3
Cell188,Cell188,Batch1,Path6,48594.5426381635,100,0.7955701210414972,Clu3C,3
Cell189,Cell189,Batch1,Path4,40352.67688709,87,0.655507159029397,Clu3A,3
Cell190,Cell190,Batch1,Path2,66365.6131243332,73,1.10134739758259,Clu2A,2
Cell191,Cell191,Batch1,Path6,48140.797778644905,88,0.796951347715484,Clu3C,3
Cell192,Cell192,Batch1,Path3,94554.5187491325,70,1.54547754596799,Clu2B,2
Cell193,Cell193,Batch1,Path1,50155.1502721696,49,0.8234741884909621,Clu1A,1
Cell194,Cell194,Batch1,Path4,61219.5147385163,17,1.0113210161531199,Clu3A,3
Cell195,Cell195,Batch1,Path1,128290.86350990599,37,2.09864238572487,Clu1A,1
Cell196,Cell196,Batch1,Path2,47964.5751835172,98,0.7893874873579391,Clu2A,2
Cell197,Cell197,Batch1,Path1,63672.836680957196,11,1.0502255674704,Clu1A,1
Cell198,Cell198,Batch1,Path7,47983.9138479808,22,0.7868387952809399,Clu3D,3
Cell199,Cell199,Batch1,Path1,64185.3794785905,12,1.06063409704937,Clu1A,1
Cell200,Cell200,Batch1,Path5,50279.217160744105,23,0.820909053239273,Clu3B,3
Cell201,Cell201,Batch1,Path1,60807.026246818896,8,1.0078515062934599,Clu1A,1
Cell202,Cell202,Batch1,Path1,56422.6679963361,79,0.920472475989128,Clu1A,1
Cell203,Cell203,Batch1,Path2,47256.786484674405,100,0.775164141250817,Clu2A,2
Cell204,Cell204,Batch1,Path1,60009.522544409694,77,0.9647046159060749,Clu1A,1
Cell205,Cell205,Batch1,Path1,73007.7009631071,63,1.20278534224714,Clu1A,1
Cell206,Cell206,Batch1,Path2,82354.9209856837,75,1.36151130753275,Clu2A,2
Cell207,Cell207,Batch1,Path2,45499.551412029505,33,0.7558269678150071,Clu2A,2
Cell208,Cell208,Batch1,Path1,56958.4773260841,67,0.9441506475431809,Clu1A,1
Cell209,Cell209,Batch1,Path1,75499.7712454631,41,1.2476258796276298,Clu1A,1
Cell210,Cell210,Batch1,Path6,47913.6413249171,59,0.7914264410195379,Clu3C,3
Cell211,Cell211,Batch1,Path4,36109.088160291496,9,0.597627184119489,Clu3A,3
Cell212,Cell212,Batch1,Path1,49653.2680121597,72,0.8158116690852751,Clu1A,1
Cell213,Cell213,Batch1,Path5,49343.0452763532,87,0.7986121083592058,Clu3B,3
Cell214,Cell214,Batch1,Path4,60445.518549571396,33,0.9932170808190809,Clu3A,3
Cell215,Cell215,Batch1,Path5,55229.507262515,64,0.911034093716887,Clu3B,3
Cell216,Cell216,Batch1,Path1,62711.4437332536,34,1.02562657813369,Clu1A,1
Cell217,Cell217,Batch1,Path2,55024.043234717996,59,0.9114451730841451,Clu2A,2
Cell218,Cell218,Batch1,Path4,64526.0101049849,32,1.0607491992722,Clu3A,3
Cell219,Cell219,Batch1,Path4,55647.856864990994,93,0.91012971910892,Clu3A,3
Cell220,Cell220,Batch1,Path3,75964.415256068,32,1.2470010389894,Clu2B,2
Cell221,Cell221,Batch1,Path1,51664.9300611419,53,0.83960494286216,Clu1A,1
Cell222,Cell222,Batch1,Path1,63457.9860622667,23,1.04650940999039,Clu1A,1
Cell223,Cell223,Batch1,Path1,50162.8547388135,64,0.814775749079785,Clu1A,1
Cell224,Cell224,Batch1,Path2,62417.5207236801,34,1.02186109112961,Clu2A,2
Cell225,Cell225,Batch1,Path4,59305.300501622994,19,0.9767739061287659,Clu3A,3
Cell226,Cell226,Batch1,Path2,42748.7772139034,4,0.6969275160742989,Clu2A,2
Cell227,Cell227,Batch1,Path1,58171.724869115096,51,0.9491329294743471,Clu1A,1
Cell228,Cell228,Batch1,Path1,75814.3397956567,23,1.24591578945984,Clu1A,1
Cell229,Cell229,Batch1,Path3,68615.928774546,11,1.1165408909964398,Clu2B,2
Cell230,Cell230,Batch1,Path7,61614.316065298604,67,1.0109099367858598,Clu3D,3
Cell231,Cell231,Batch1,Path3,47171.1007238072,62,0.7788967419055178,Clu2B,2
Cell232,Cell232,Batch1,Path1,75647.9583355215,61,1.25269037743225,Clu1A,1
Cell233,Cell233,Batch1,Path3,60830.1201073917,19,0.9964728294077629,Clu2B,2
Cell234,Cell234,Batch1,Path2,54701.4364975415,95,0.89130228408851,Clu2A,2
Cell235,Cell235,Batch1,Path3,83150.3457333533,33,1.36813790693295,Clu2B,2
Cell236,Cell236,Batch1,Path6,51332.611743296904,96,0.847875859731389,Clu3C,3
Cell237,Cell237,Batch1,Path6,63619.3018919276,17,1.03976770836736,Clu3C,3
Cell238,Cell238,Batch1,Path2,77369.4658929966,93,1.28100552424897,Clu2A,2
Cell239,Cell239,Batch1,Path3,67537.9241963843,3,1.12982697614622,Clu2B,2
Cell240,Cell240,Batch1,Path3,56308.2053638026,52,0.9262275871307379,Clu2B,2
Cell241,Cell241,Batch1,Path1,55067.5768113502,74,0.9054598574968709,Clu1A,1
Cell242,Cell242,Batch1,Path2,64281.4968516492,13,1.06167001705486,Clu2A,2
Cell243,Cell243,Batch1,Path7,66349.8131028999,18,1.08704183560202,Clu3D,3
Cell244,Cell244,Batch1,Path1,60097.377265730196,51,0.9842062210887879,Clu1A,1
Cell245,Cell245,Batch1,Path3,77939.6271015321,36,1.28388307981977,Clu2B,2
Cell246,Cell246,Batch1,Path1,59090.9818294355,100,0.9643428660628879,Clu1A,1
Cell247,Cell247,Batch1,Path3,52048.9959804522,75,0.853828288969283,Clu2B,2
Cell248,Cell248,Batch1,Path1,66666.9912969374,68,1.0887848121191899,Clu1A,1
Cell249,Cell249,Batch1,Path3,38547.3847232456,17,0.6419744262592679,Clu2B,2
Cell250,Cell250,Batch1,Path4,64756.8489177598,66,1.07431481839171,Clu3A,3
Cell251,Cell251,Batch1,Path5,66130.9529280002,91,1.09230365150292,Clu3B,3
Cell252,Cell252,Batch1,Path4,57240.9629705656,55,0.9490342704262049,Clu3A,3
Cell253,Cell253,Batch1,Path3,47885.6600982166,52,0.8002399826535469,Clu2B,2
Cell254,Cell254,Batch1,Path2,55326.157102274505,10,0.8994580987349059,Clu2A,2
Cell255,Cell255,Batch1,Path3,81631.1385833323,38,1.3359915004133798,Clu2B,2
Cell256,Cell256,Batch1,Path1,51601.0398831217,99,0.856870276286991,Clu1A,1
Cell257,Cell257,Batch1,Path1,37558.5969022415,29,0.627109796339223,Clu1A,1
Cell258,Cell258,Batch1,Path3,70435.2472799297,66,1.15171284165902,Clu2B,2
Cell259,Cell259,Batch1,Path3,54162.164329572806,20,0.8830149240445909,Clu2B,2
Cell260,Cell260,Batch1,Path4,54058.5332087889,89,0.90282894954642,Clu3A,3
Cell261,Cell261,Batch1,Path2,46954.1649846042,53,0.766778122158756,Clu2A,2
Cell262,Cell262,Batch1,Path1,59604.6144867435,51,0.996982567823163,Clu1A,1
Cell263,Cell263,Batch1,Path1,68888.72909446861,34,1.12810044280373,Clu1A,1
Cell264,Cell264,Batch1,Path5,53236.716384402,78,0.889033125981246,Clu3B,3
Cell265,Cell265,Batch1,Path6,53032.1923895742,3,0.8574622305758421,Clu3C,3
Cell266,Cell266,Batch1,Path1,74557.6583786132,84,1.2086555556115801,Clu1A,1
Cell267,Cell267,Batch1,Path1,56982.4192245513,66,0.9216070550427601,Clu1A,1
Cell268,Cell268,Batch1,Path5,57989.6402581133,50,0.9617941739858891,Clu3B,3
Cell269,Cell269,Batch1,Path2,52830.520890234904,2,0.871258054141016,Clu2A,2
Cell270,Cell270,Batch1,Path1,71688.5934755785,33,1.17353293447307,Clu1A,1
Cell271,Cell271,Batch1,Path1,49077.7607918812,99,0.81191463668367,Clu1A,1
Cell272,Cell272,Batch1,Path1,70958.471551729,88,1.16039483789551,Clu1A,1
Cell273,Cell273,Batch1,Path3,70343.1338411214,33,1.15337360230275,Clu2B,2
Cell274,Cell274,Batch1,Path1,54528.556330907,76,0.902319211131021,Clu1A,1
Cell275,Cell275,Batch1,Path1,70946.6923992027,23,1.16846843666846,Clu1A,1
Cell276,Cell276,Batch1,Path1,72937.1924735589,27,1.2089679759307,Clu1A,1
Cell277,Cell277,Batch1,Path1,67179.5428105909,15,1.10364944203923,Clu1A,1
Cell278,Cell278,Batch1,Path1,89766.6145079444,24,1.49516143141563,Clu1A,1
Cell279,Cell279,Batch1,Path3,40438.1676493299,87,0.660851190803749,Clu2B,2
Cell280,Cell280,Batch1,Path5,47430.265371632995,2,0.762897532931842,Clu3B,3
Cell281,Cell281,Batch1,Path1,45464.912666084405,81,0.7518806058893309,Clu1A,1
Cell282,Cell282,Batch1,Path2,61916.1287978087,15,1.02819171338538,Clu2A,2
Cell283,Cell283,Batch1,Path7,82201.25230908599,63,1.36297475008019,Clu3D,3
Cell284,Cell284,Batch1,Path3,83748.8560588524,91,1.3846139679726397,Clu2B,2
Cell285,Cell285,Batch1,Path1,66016.4570836921,98,1.09279694674363,Clu1A,1
Cell286,Cell286,Batch1,Path1,71377.2630197741,1,1.20280178542183,Clu1A,1
Cell287,Cell287,Batch1,Path1,58164.182609692194,8,0.956400812687466,Clu1A,1
Cell288,Cell288,Batch1,Path1,65761.7967379925,19,1.08378608701333,Clu1A,1
Cell289,Cell289,Batch1,Path1,64553.337266470306,52,1.04876212492296,Clu1A,1
Cell290,Cell290,Batch1,Path1,51420.4866498637,27,0.851230267368213,Clu1A,1
Cell291,Cell291,Batch1,Path1,56463.010044269104,66,0.9193378969354971,Clu1A,1
Cell292,Cell292,Batch1,Path1,58281.0191401599,88,0.962682105419166,Clu1A,1
Cell293,Cell293,Batch1,Path4,79123.8134336325,88,1.31232977203402,Clu3A,3
Cell294,Cell294,Batch1,Path1,48659.4961634813,45,0.798053040419735,Clu1A,1
Cell295,Cell295,Batch1,Path2,39227.4866628894,57,0.644753322781931,Clu2A,2
Cell296,Cell296,Batch1,Path6,69818.59404754889,33,1.15089068292451,Clu3C,3
Cell297,Cell297,Batch1,Path1,50856.7367680612,78,0.8361847625265749,Clu1A,1
Cell298,Cell298,Batch1,Path1,54873.1049240724,98,0.901924574938453,Clu1A,1
Cell299,Cell299,Batch1,Path1,71749.8473617017,76,1.16879730016226,Clu1A,1
Cell300,Cell300,Batch1,Path4,51399.449799204696,32,0.8382566025375551,Clu3A,3
Cell301,Cell301,Batch1,Path6,55926.1083166436,97,0.9189925902670001,Clu3C,3
Cell302,Cell302,Batch1,Path1,80860.83800925559,63,1.3465480185645602,Clu1A,1
Cell303,Cell303,Batch1,Path3,66546.8534998794,19,1.08580859750024,Clu2B,2
Cell304,Cell304,Batch1,Path3,66731.89283632151,89,1.10384676013552,Clu2B,2
Cell305,Cell305,Batch1,Path3,58259.6678224101,22,0.9476694869269091,Clu2B,2
Cell306,Cell306,Batch1,Path4,47698.4045791677,17,0.7988916423289409,Clu3A,3
Cell307,Cell307,Batch1,Path1,44385.786315043704,85,0.73770658930628,Clu1A,1
Cell308,Cell308,Batch1,Path5,57258.0126908576,12,0.947159748511509,Clu3B,3
Cell309,Cell309,Batch1,Path1,89352.44151915859,86,1.4858874808902902,Clu1A,1
Cell310,Cell310,Batch1,Path3,62588.7459170116,98,1.0466573985626,Clu2B,2
Cell311,Cell311,Batch1,Path1,61875.1906977003,1,1.01003844852727,Clu1A,1
Cell312,Cell312,Batch1,Path1,63992.7274166424,60,1.05848004116494,Clu1A,1
Cell313,Cell313,Batch1,Path7,55434.5541921512,36,0.913418354046983,Clu3D,3
Cell314,Cell314,Batch1,Path6,45263.1807809346,50,0.743790563941696,Clu3C,3
Cell315,Cell315,Batch1,Path1,102247.145758216,2,1.67532929649741,Clu1A,1
Cell316,Cell316,Batch1,Path3,55009.5883283798,7,0.8897730688423109,Clu2B,2
Cell317,Cell317,Batch1,Path1,56403.1167572916,30,0.932475993513058,Clu1A,1
Cell318,Cell318,Batch1,Path3,41836.801700709904,25,0.6860750207786921,Clu2B,2
Cell319,Cell319,Batch1,Path4,56976.737813712694,74,0.935665969402979,Clu3A,3
Cell320,Cell320,Batch1,Path2,56984.7641985662,76,0.9262769166548092,Clu2A,2
Cell321,Cell321,Batch1,Path2,56891.3122711663,58,0.9384777522750231,Clu2A,2
Cell322,Cell322,Batch1,Path1,41882.040233769505,40,0.6911230754086178,Clu1A,1
Cell323,Cell323,Batch1,Path3,85556.5263352525,56,1.38933315910876,Clu2B,2
Cell324,Cell324,Batch1,Path4,85196.6394998217,62,1.40832502587608,Clu3A,3
Cell325,Cell325,Batch1,Path7,68728.5553292207,71,1.12583128469647,Clu3D,3
Cell326,Cell326,Batch1,Path4,48043.00715413441,6,0.7843887622520842,Clu3A,3
Cell327,Cell327,Batch1,Path5,69071.80339265481,81,1.13642068919703,Clu3B,3
Cell328,Cell328,Batch1,Path5,56994.265506880096,21,0.932508879862439,Clu3B,3
Cell329,Cell329,Batch1,Path1,56164.6462031141,53,0.9242050766438299,Clu1A,1
Cell330,Cell330,Batch1,Path5,78631.5941297502,15,1.2979255510053,Clu3B,3
Cell331,Cell331,Batch1,Path4,46836.752428016,86,0.7791927190499441,Clu3A,3
Cell332,Cell332,Batch1,Path1,54054.936632605706,66,0.8935549990210829,Clu1A,1
Cell333,Cell333,Batch1,Path3,51728.336244565704,8,0.8509507333984769,Clu2B,2
Cell334,Cell334,Batch1,Path5,60111.1364108587,50,0.9975909652867041,Clu3B,3
Cell335,Cell335,Batch1,Path1,43714.153923729,29,0.7101971580493829,Clu1A,1
Cell336,Cell336,Batch1,Path3,52017.3890273158,100,0.8680845214257858,Clu2B,2
Cell337,Cell337,Batch1,Path3,69091.4603223096,24,1.1361904847513702,Clu2B,2
Cell338,Cell338,Batch1,Path1,65712.40380728191,38,1.07873803238341,Clu1A,1
Cell339,Cell339,Batch1,Path2,49277.3360204259,59,0.807754513487021,Clu2A,2
Cell340,Cell340,Batch1,Path4,66959.5206304095,55,1.0957731613625699,Clu3A,3
Cell341,Cell341,Batch1,Path4,36808.0573867925,34,0.609252508625541,Clu3A,3
Cell342,Cell342,Batch1,Path1,55932.619086702696,12,0.918729499471955,Clu1A,1
Cell343,Cell343,Batch1,Path2,69051.4141676378,71,1.15248567086947,Clu2A,2
Cell344,Cell344,Batch1,Path3,52480.2676006212,32,0.868676475714637,Clu2B,2
Cell345,Cell345,Batch1,Path6,59439.809560195594,20,0.971528533402555,Clu3C,3
Cell346,Cell346,Batch1,Path1,43535.9685962577,21,0.721411403188178,Clu1A,1
Cell347,Cell347,Batch1,Path3,70937.7889142492,47,1.1668570055488001,Clu2B,2
Cell348,Cell348,Batch1,Path1,41353.9089926486,39,0.674729230242375,Clu1A,1
Cell349,Cell349,Batch1,Path3,56121.253703687195,56,0.902023233986595,Clu2B,2
Cell350,Cell350,Batch1,Path6,56894.2964810758,49,0.926638666497996,Clu3C,3
Cell351,Cell351,Batch1,Path3,60608.125392966394,39,0.9870344471355219,Clu2B,2
Cell352,Cell352,Batch1,Path1,50782.225174401,58,0.8265819485074308,Clu1A,1
Cell353,Cell353,Batch1,Path5,86331.1789078797,95,1.4223510538869097,Clu3B,3
Cell354,Cell354,Batch1,Path3,44981.958081859695,87,0.741439189960981,Clu2B,2
Cell355,Cell355,Batch1,Path4,62996.0577866633,50,1.0351636194540699,Clu3A,3
Cell356,Cell356,Batch1,Path1,33257.82181359,21,0.5412764244557801,Clu1A,1
Cell357,Cell357,Batch1,Path7,59903.077602400095,5,0.9777276102608041,Clu3D,3
Cell358,Cell358,Batch1,Path1,66299.2002994231,18,1.0947043550076998,Clu1A,1
Cell359,Cell359,Batch1,Path7,48197.1900093089,53,0.7845696371736769,Clu3D,3
Cell360,Cell360,Batch1,Path3,68938.2596526704,39,1.11810299259202,Clu2B,2
Cell361,Cell361,Batch1,Path1,63971.6483717088,68,1.04382917251587,Clu1A,1
Cell362,Cell362,Batch1,Path1,72785.02369854611,6,1.1882331326462099,Clu1A,1
Cell363,Cell363,Batch1,Path7,50581.0370875907,43,0.8413972489034051,Clu3D,3
Cell364,Cell364,Batch1,Path1,49310.09072107731,83,0.809349501431981,Clu1A,1
Cell365,Cell365,Batch1,Path2,42011.2925040791,30,0.6774259108915861,Clu2A,2
Cell366,Cell366,Batch1,Path7,56134.50313884809,15,0.9281185522201251,Clu3D,3
Cell367,Cell367,Batch1,Path1,45809.1829698252,80,0.7573890694105871,Clu1A,1
Cell368,Cell368,Batch1,Path6,68708.70672534821,70,1.14294862954909,Clu3C,3
Cell369,Cell369,Batch1,Path6,60733.828634527694,41,1.00698001803487,Clu3C,3
Cell370,Cell370,Batch1,Path3,92776.668659387,88,1.52766958777838,Clu2B,2
Cell371,Cell371,Batch1,Path3,47498.7407972469,95,0.776298720304449,Clu2B,2
Cell372,Cell372,Batch1,Path2,75836.6992032971,23,1.25806729555598,Clu2A,2
Cell373,Cell373,Batch1,Path4,53880.630246347,81,0.8800551526003351,Clu3A,3
Cell374,Cell374,Batch1,Path1,44742.2890774746,8,0.7425573258399231,Clu1A,1
Cell375,Cell375,Batch1,Path1,67143.90790105349,59,1.1057870547489799,Clu1A,1
Cell376,Cell376,Batch1,Path3,44950.8279491274,35,0.742672428062755,Clu2B,2
Cell377,Cell377,Batch1,Path3,48482.733163778,69,0.78578643210076,Clu2B,2
Cell378,Cell378,Batch1,Path7,51708.508659877305,23,0.844061043203236,Clu3D,3
Cell379,Cell379,Batch1,Path1,62453.743196346106,8,1.0204798644556201,Clu1A,1
Cell380,Cell380,Batch1,Path3,49031.383643304805,94,0.7851122619384571,Clu2B,2
Cell381,Cell381,Batch1,Path3,74277.9981196568,28,1.21817615375728,Clu2B,2
Cell382,Cell382,Batch1,Path2,47108.3300651006,7,0.780261525404815,Clu2A,2
Cell383,Cell383,Batch1,Path2,62525.3533479759,14,1.02439334003192,Clu2A,2
Cell384,Cell384,Batch1,Path4,61612.3370317121,52,1.00513838246956,Clu3A,3
Cell385,Cell385,Batch1,Path1,48380.3966027417,38,0.79728021120929,Clu1A,1
Cell386,Cell386,Batch1,Path1,54955.295128741796,45,0.8902499209083299,Clu1A,1
Cell387,Cell387,Batch1,Path5,52510.2729484154,5,0.8709456338219,Clu3B,3
Cell388,Cell388,Batch1,Path5,72538.9447345378,7,1.21006966863495,Clu3B,3
Cell389,Cell389,Batch1,Path1,81732.7884062956,39,1.33865529471321,Clu1A,1
Cell390,Cell390,Batch1,Path4,48622.4536883108,10,0.800651062020805,Clu3A,3
Cell391,Cell391,Batch1,Path1,72122.00528054191,96,1.1978195034906698,Clu1A,1
Cell392,Cell392,Batch1,Path1,58977.4716658342,24,0.9586370844453491,Clu1A,1
Cell393,Cell393,Batch1,Path4,40399.025007883996,74,0.675403400404678,Clu3A,3
Cell394,Cell394,Batch1,Path2,51473.339421407305,96,0.835050183472943,Clu2A,2
Cell395,Cell395,Batch1,Path1,65658.9915388097,87,1.07617289713172,Clu1A,1
Cell396,Cell396,Batch1,Path3,61637.2285291508,70,1.00571389358372,Clu2B,2
Cell397,Cell397,Batch1,Path2,36736.9278199706,42,0.6044017720918979,Clu2A,2
Cell398,Cell398,Batch1,Path1,67242.6997111321,48,1.0992920007463,Clu1A,1
Cell399,Cell399,Batch1,Path3,68255.3023198293,44,1.11441972146139,Clu2B,2
Cell400,Cell400,Batch1,Path1,56336.5177951908,14,0.924122860770378,Clu1A,1
Cell401,Cell401,Batch1,Path2,51973.349339210305,9,0.8542886978606109,Clu2A,2
Cell402,Cell402,Batch1,Path1,88815.31700454,40,1.46340966108863,Clu1A,1
Cell403,Cell403,Batch1,Path4,58806.0643557465,70,0.9733372826184901,Clu3A,3
Cell404,Cell404,Batch1,Path7,59706.522595196504,74,0.986886458563309,Clu3D,3
Cell405,Cell405,Batch1,Path4,47825.230434294695,58,0.769852995825845,Clu3A,3
Cell406,Cell406,Batch1,Path6,45760.3820642395,65,0.740008633762924,Clu3C,3
Cell407,Cell407,Batch1,Path3,44150.9112546083,31,0.7402552813832791,Clu2B,2
Cell408,Cell408,Batch1,Path5,55028.491531148204,39,0.9026809609742079,Clu3B,3
Cell409,Cell409,Batch1,Path1,78604.5522035713,73,1.26755500735229,Clu1A,1
Cell410,Cell410,Batch1,Path4,85029.9621350557,18,1.42244971293506,Clu3A,3
Cell411,Cell411,Batch1,Path4,81934.2968278536,28,1.3457587461794298,Clu3A,3
Cell412,Cell412,Batch1,Path3,77602.2044780074,93,1.2772235940702,Clu2B,2
Cell413,Cell413,Batch1,Path6,57095.5094938181,43,0.933890106536425,Clu3C,3
Cell414,Cell414,Batch1,Path5,46871.72868873941,46,0.772451017426915,Clu3B,3
Cell415,Cell415,Batch1,Path6,56074.5572662718,36,0.916608329936904,Clu3C,3
Cell416,Cell416,Batch1,Path3,36956.984888857405,26,0.606703816548543,Clu2B,2
Cell417,Cell417,Batch1,Path3,56232.0087978109,6,0.918745942646645,Clu2B,2
Cell418,Cell418,Batch1,Path1,83447.7311788208,59,1.35947235387115,Clu1A,1
Cell419,Cell419,Batch1,Path6,61462.998364635896,78,1.02610343019971,Clu3C,3
Cell420,Cell420,Batch1,Path5,74546.4527229191,79,1.22154700456879,Clu3B,3
Cell421,Cell421,Batch1,Path3,66030.2461735158,7,1.08508509781387,Clu2B,2
Cell422,Cell422,Batch1,Path2,51237.0376398908,4,0.8557356972333591,Clu2A,2
Cell423,Cell423,Batch1,Path2,84856.0754710078,98,1.40516793633554,Clu2A,2
Cell424,Cell424,Batch1,Path1,58942.7871405822,10,0.970689931493349,Clu1A,1
Cell425,Cell425,Batch1,Path3,49261.0625408399,88,0.7994342670937209,Clu2B,2
Cell426,Cell426,Batch1,Path3,60726.288056332,34,0.993513057963506,Clu2B,2
Cell427,Cell427,Batch1,Path1,44191.16204040481,71,0.7134200202886851,Clu1A,1
Cell428,Cell428,Batch1,Path4,71164.95751831781,70,1.17004698143873,Clu3A,3
Cell429,Cell429,Batch1,Path7,66191.9197999469,63,1.09937421661975,Clu3D,3
Cell430,Cell430,Batch1,Path7,55772.9204550579,92,0.913336138173532,Clu3D,3
Cell431,Cell431,Batch1,Path4,54301.8851419162,29,0.9020067908119049,Clu3A,3
Cell432,Cell432,Batch1,Path1,72204.5822879092,61,1.18532269072603,Clu1A,1
Cell433,Cell433,Batch1,Path3,48412.7420094912,66,0.7970335635889358,Clu2B,2
Cell434,Cell434,Batch1,Path2,49179.680817373795,83,0.810697841756587,Clu2A,2
Cell435,Cell435,Batch1,Path1,65176.1950990128,46,1.08926166418521,Clu1A,1
Cell436,Cell436,Batch1,Path5,54706.472239598705,62,0.895314418712947,Clu3B,3
Cell437,Cell437,Batch1,Path6,72042.8931884491,5,1.17754506909751,Clu3C,3
Cell438,Cell438,Batch1,Path1,57542.3132081234,58,0.9351397878128891,Clu1A,1
Cell439,Cell439,Batch1,Path3,76036.6092069811,46,1.25515685363579,Clu2B,2
Cell440,Cell440,Batch1,Path4,66112.2240246414,8,1.08765023306556,Clu3A,3
Cell441,Cell441,Batch1,Path1,38214.4687198245,37,0.616323073742377,Clu1A,1
Cell442,Cell442,Batch1,Path1,45840.6131841325,22,0.7476711531686109,Clu1A,1
Cell443,Cell443,Batch1,Path2,77385.5261337889,27,1.26268782764396,Clu2A,2
Cell444,Cell444,Batch1,Path2,68744.9927971336,81,1.13198103203065,Clu2A,2
Cell445,Cell445,Batch1,Path1,49344.7899793549,46,0.8158938849587271,Clu1A,1
Cell446,Cell446,Batch1,Path3,45745.159553456,80,0.7660217361230021,Clu2B,2
Cell447,Cell447,Batch1,Path3,73624.496179168,48,1.2140653600847,Clu2B,2
Cell448,Cell448,Batch1,Path4,50901.3491492945,87,0.837319341580207,Clu3A,3
Cell449,Cell449,Batch1,Path1,85848.98949976651,21,1.4175660900520302,Clu1A,1
Cell450,Cell450,Batch1,Path1,85332.3056942766,93,1.39395369119674,Clu1A,1
Cell451,Cell451,Batch1,Path4,44759.622388940305,92,0.735749851518133,Clu3A,3
Cell452,Cell452,Batch1,Path3,50557.6292296433,58,0.823211097695917,Clu2B,2
Cell453,Cell453,Batch1,Path3,46625.555362496794,68,0.762996191979984,Clu2B,2
Cell454,Cell454,Batch1,Path1,68422.5421956964,88,1.1197144237116698,Clu1A,1
Cell455,Cell455,Batch1,Path1,46251.356048229805,7,0.7560242859112909,Clu1A,1
Cell456,Cell456,Batch1,Path2,39854.8463769745,20,0.645295947546711,Clu2A,2
Cell457,Cell457,Batch1,Path2,89703.8886556776,32,1.47702460973221,Clu2A,2
Cell458,Cell458,Batch1,Path4,73217.86280149731,19,1.20337729653599,Clu3A,3
Cell459,Cell459,Batch1,Path2,70503.99968029991,61,1.16090457631091,Clu2A,2
Cell460,Cell460,Batch1,Path1,52428.328438600096,9,0.861918330916917,Clu1A,1
Cell461,Cell461,Batch1,Path1,59739.203191988396,79,0.983680039498698,Clu1A,1
Cell462,Cell462,Batch1,Path3,67774.1038086346,96,1.1018406928233,Clu2B,2
Cell463,Cell463,Batch1,Path1,46339.60396247981,73,0.7719248358368249,Clu1A,1
Cell464,Cell464,Batch1,Path3,58404.471620239405,2,0.9582260050780909,Clu2B,2
Cell465,Cell465,Batch1,Path1,62016.0394204777,68,1.02669538448856,Clu1A,1
Cell466,Cell466,Batch1,Path4,83998.5452224013,2,1.3900566587951397,Clu3A,3
Cell467,Cell467,Batch1,Path6,68079.1680806994,37,1.1183496402123798,Clu3C,3
Cell468,Cell468,Batch1,Path1,77377.1353073312,75,1.27002148355584,Clu1A,1
Cell469,Cell469,Batch1,Path3,61581.045220434404,26,1.02140068223828,Clu2B,2
Cell470,Cell470,Batch1,Path6,47930.1232382638,30,0.80459742394648,Clu3C,3
Cell471,Cell471,Batch1,Path3,55941.6580219332,44,0.9100803895848492,Clu2B,2
Cell472,Cell472,Batch1,Path4,42918.0203779461,77,0.70373499039609,Clu3A,3
Cell473,Cell473,Batch1,Path6,72097.1902507697,5,1.18159009007133,Clu3C,3
Cell474,Cell474,Batch1,Path3,79488.3196290492,58,1.32088022287298,Clu2B,2
Cell475,Cell475,Batch1,Path1,59127.7623065016,42,0.962731434943237,Clu1A,1
Cell476,Cell476,Batch1,Path1,49208.395727023606,51,0.8021638340923141,Clu1A,1
Cell477,Cell477,Batch1,Path7,74416.2826908116,82,1.22171143631569,Clu3D,3
Cell478,Cell478,Batch1,Path3,61566.021931159805,6,1.0257745667059,Clu2B,2
Cell479,Cell479,Batch1,Path3,55422.7578813337,21,0.9105736848255591,Clu2B,2
Cell480,Cell480,Batch1,Path6,74960.5372944941,51,1.21432845087974,Clu3C,3
Cell481,Cell481,Batch1,Path5,51432.7736823234,89,0.8498325975195359,Clu3B,3
Cell482,Cell482,Batch1,Path1,75341.9090945667,49,1.23480020336918,Clu1A,1
Cell483,Cell483,Batch1,Path7,50589.7744159831,14,0.8308571739269129,Clu3D,3
Cell484,Cell484,Batch1,Path4,64749.5913327505,14,1.0616042443561,Clu3A,3
Cell485,Cell485,Batch1,Path2,71558.8486690491,99,1.1846978500878,Clu2A,2
Cell486,Cell486,Batch1,Path2,45841.6459651974,48,0.745484210934799,Clu2A,2
Cell487,Cell487,Batch1,Path1,64836.545398506394,72,1.0717332399653299,Clu1A,1
Cell488,Cell488,Batch1,Path1,58552.709193682196,75,0.9605116063600451,Clu1A,1
Cell489,Cell489,Batch1,Path7,68538.3542304155,26,1.14092611906218,Clu3D,3
Cell490,Cell490,Batch1,Path1,51137.8605557521,65,0.845688917497577,Clu1A,1
Cell491,Cell491,Batch1,Path1,58841.5038797772,16,0.9805887226569191,Clu1A,1
Cell492,Cell492,Batch1,Path4,78941.0619344139,61,1.2923348716106,Clu3A,3
Cell493,Cell493,Batch1,Path1,61926.1628635888,43,1.02791217941564,Clu1A,1
Cell494,Cell494,Batch1,Path1,70589.6060570513,75,1.14964100164804,Clu1A,1
Cell495,Cell495,Batch1,Path3,57286.54626612309,23,0.9353535490838629,Clu2B,2
Cell496,Cell496,Batch1,Path3,48733.48593846519,39,0.793991576271227,Clu2B,2
Cell497,Cell497,Batch1,Path3,59743.4512831022,90,0.988695207779244,Clu2B,2
Cell498,Cell498,Batch1,Path2,46863.84534176,6,0.757405512585277,Clu2A,2
Cell499,Cell499,Batch1,Path7,35624.102430136096,31,0.587498188510255,Clu3D,3
Cell500,Cell500,Batch1,Path1,75646.3536959809,31,1.23932207640902,Clu1A,1
Cell501,Cell501,Batch1,Path2,48176.09567199441,97,0.7798997755616279,Clu2A,2
Cell502,Cell502,Batch1,Path6,41555.426667471,99,0.677327251843444,Clu3C,3
Cell503,Cell503,Batch1,Path2,73061.4656793426,46,1.20393636447546,Clu2A,2
Cell504,Cell504,Batch1,Path2,59732.2672736237,96,0.9971141132206851,Clu2A,2
Cell505,Cell505,Batch1,Path3,53107.5467800615,47,0.876766517662272,Clu2B,2
Cell506,Cell506,Batch1,Path4,57780.7181324001,70,0.965329456544307,Clu3A,3
Cell507,Cell507,Batch1,Path3,54984.3419376572,34,0.894837566646927,Clu2B,2
Cell508,Cell508,Batch1,Path7,73081.5891271937,38,1.21127002038734,Clu3D,3
Cell509,Cell509,Batch1,Path5,69253.7200472276,20,1.1447080492409498,Clu3B,3
Cell510,Cell510,Batch1,Path2,42390.2592784062,59,0.690777768740122,Clu2A,2
Cell511,Cell511,Batch1,Path7,64259.168895997806,78,1.06153847165734,Clu3D,3
Cell512,Cell512,Batch1,Path3,69241.9888706913,24,1.13219479330162,Clu2B,2
Cell513,Cell513,Batch1,Path1,68435.8572598167,76,1.12058591197026,Clu1A,1
Cell514,Cell514,Batch1,Path6,36869.3749450531,34,0.6065558279763299,Clu3C,3
Cell515,Cell515,Batch1,Path6,57121.080605437695,53,0.942900966266717,Clu3C,3
Cell516,Cell516,Batch1,Path1,88958.6259966503,53,1.44912054228275,Clu1A,1
Cell517,Cell517,Batch1,Path2,70217.9255917862,52,1.14187982319422,Clu2A,2
Cell518,Cell518,Batch1,Path2,42537.646544562995,58,0.696368448134829,Clu2A,2
Cell519,Cell519,Batch1,Path3,42927.4284156784,8,0.7167579847508191,Clu2B,2
Cell520,Cell520,Batch1,Path2,66053.6064623162,14,1.08263506478501,Clu2A,2
Cell521,Cell521,Batch1,Path5,57825.7179472768,52,0.941289535147067,Clu3B,3
Cell522,Cell522,Batch1,Path6,72566.46015826201,18,1.1831521916669099,Clu3C,3
Cell523,Cell523,Batch1,Path3,63498.1043916666,22,1.02639940734414,Clu2B,2
Cell524,Cell524,Batch1,Path1,60851.994347994405,47,0.9904217411217271,Clu1A,1
Cell525,Cell525,Batch1,Path3,62114.3530080683,81,1.03608443723673,Clu2B,2
Cell526,Cell526,Batch1,Path4,61898.4864648096,67,1.01793117237862,Clu3A,3
Cell527,Cell527,Batch1,Path5,46447.60521656441,67,0.7687513031215942,Clu3B,3
Cell528,Cell528,Batch1,Path5,95788.5717575084,37,1.57739374804189,Clu3B,3
Cell529,Cell529,Batch1,Path4,45143.379674506796,17,0.727380275600762,Clu3A,3
Cell530,Cell530,Batch1,Path4,59671.3748679785,48,0.9825125740956859,Clu3A,3
Cell531,Cell531,Batch1,Path2,53698.273517910995,88,0.8890988986800079,Clu2A,2
Cell532,Cell532,Batch1,Path1,85821.29658913049,14,1.42200574721842,Clu1A,1
Cell533,Cell533,Batch1,Path3,73297.9584300005,13,1.20656727242591,Clu2B,2
Cell534,Cell534,Batch1,Path1,53490.3578114995,13,0.8826038446773329,Clu1A,1
Cell535,Cell535,Batch1,Path1,62385.2506777749,18,1.0306417464142401,Clu1A,1
Cell536,Cell536,Batch1,Path1,75590.9911239467,61,1.24876045868126,Clu1A,1
Cell537,Cell537,Batch1,Path3,93644.8362840943,91,1.5167842061333898,Clu2B,2
Cell538,Cell538,Batch1,Path3,63605.3595374034,59,1.04297412743197,Clu2B,2
Cell539,Cell539,Batch1,Path1,48605.826014903396,79,0.804745412518693,Clu1A,1
Cell540,Cell540,Batch1,Path2,49182.4207744542,25,0.8096783649257879,Clu2A,2
Cell541,Cell541,Batch1,Path3,89423.94049526539,81,1.46745468206245,Clu2B,2
Cell542,Cell542,Batch1,Path4,39572.341380624,57,0.647597992003355,Clu3A,3
Cell543,Cell543,Batch1,Path2,110320.878295126,24,1.82211751695785,Clu2A,2
Cell544,Cell544,Batch1,Path1,56824.8995597303,62,0.936471684962804,Clu1A,1
Cell545,Cell545,Batch1,Path1,54672.785851254295,84,0.905015891780232,Clu1A,1
Cell546,Cell546,Batch1,Path1,61790.9449640292,25,1.013557287911,Clu1A,1
Cell547,Cell547,Batch1,Path4,72162.6404430729,71,1.1965040495154398,Clu3A,3
Cell548,Cell548,Batch1,Path3,63612.5244443662,100,1.0531688957399699,Clu2B,2
Cell549,Cell549,Batch1,Path2,40488.3661189134,32,0.6562799882398411,Clu2A,2
Cell550,Cell550,Batch1,Path6,64260.9452216875,65,1.05119571477713,Clu3C,3
Cell551,Cell551,Batch1,Path7,65518.3085720278,31,1.085874370199,Clu3D,3
Cell552,Cell552,Batch1,Path2,68316.7443320027,42,1.1414029711281999,Clu2A,2
Cell553,Cell553,Batch1,Path1,48713.71319171441,42,0.802624242983643,Clu1A,1
Cell554,Cell554,Batch1,Path7,37264.4632541554,63,0.608561895288548,Clu3D,3
Cell555,Cell555,Batch1,Path5,56110.864644372195,17,0.929779312863846,Clu3B,3
Cell556,Cell556,Batch1,Path3,49569.9583019037,64,0.8101716601664971,Clu2B,2
Cell557,Cell557,Batch1,Path1,51370.6358027225,2,0.844505008919874,Clu1A,1
Cell558,Cell558,Batch1,Path1,49476.057598068895,48,0.819494940215905,Clu1A,1
Cell559,Cell559,Batch1,Path5,55292.8624759391,6,0.904506153364833,Clu3B,3
Cell560,Cell560,Batch1,Path5,56260.984860816905,23,0.92632624617888,Clu3B,3
Cell561,Cell561,Batch1,Path2,70208.0701387443,83,1.15284742071266,Clu2A,2
Cell562,Cell562,Batch1,Path1,72932.210745783,3,1.18783849645365,Clu1A,1
Cell563,Cell563,Batch1,Path3,51077.2089307179,33,0.8402626698497729,Clu2B,2
Cell564,Cell564,Batch1,Path6,56287.9863872934,46,0.931275641760665,Clu3C,3
Cell565,Cell565,Batch1,Path7,64362.661476107,83,1.06693183295576,Clu3D,3
Cell566,Cell566,Batch1,Path6,79202.1101667854,1,1.2934858938389198,Clu3C,3
Cell567,Cell567,Batch1,Path1,59206.4587881108,71,0.9670231035374091,Clu1A,1
Cell568,Cell568,Batch1,Path2,42626.2398558126,92,0.702633297691839,Clu2A,2
Cell569,Cell569,Batch1,Path1,62715.914176218095,16,1.05088329445801,Clu1A,1
Cell570,Cell570,Batch1,Path4,58464.9007400472,17,0.958341107300923,Clu3A,3
Cell571,Cell571,Batch1,Path1,85348.5356173343,18,1.40327697124615,Clu1A,1
Cell572,Cell572,Batch1,Path3,64131.0825841924,60,1.0699244907493999,Clu2B,2
Cell573,Cell573,Batch1,Path1,52859.358038797305,7,0.8794303119621031,Clu1A,1
Cell574,Cell574,Batch1,Path1,54835.635324183,5,0.897139611103572,Clu1A,1
Cell575,Cell575,Batch1,Path5,54119.002025911905,70,0.89758357682021,Clu3B,3
Cell576,Cell576,Batch1,Path2,62143.8431351013,75,1.01072906186427,Clu2A,2
Cell577,Cell577,Batch1,Path6,62024.4263309403,13,1.02444266955599,Clu3C,3
Cell578,Cell578,Batch1,Path3,71909.9299070859,61,1.19328118727614,Clu2B,2
Cell579,Cell579,Batch1,Path7,63833.6235395696,75,1.03790962962736,Clu3D,3
Cell580,Cell580,Batch1,Path6,55640.272332780594,92,0.916279466443098,Clu3C,3
Cell581,Cell581,Batch1,Path3,49606.5291909548,96,0.811815977635528,Clu2B,2
Cell582,Cell582,Batch1,Path4,67978.0804781385,92,1.12126008213256,Clu3A,3
Cell583,Cell583,Batch1,Path2,59130.5093905557,22,0.9782209055015141,Clu2A,2
Cell584,Cell584,Batch1,Path1,62104.1177153148,83,1.01618819586145,Clu1A,1
Cell585,Cell585,Batch1,Path2,74662.1241980036,37,1.2329585678038701,Clu2A,2
Cell586,Cell586,Batch1,Path3,85000.0500018851,59,1.3903361927648703,Clu2B,2
Cell587,Cell587,Batch1,Path1,49475.6895627229,1,0.813871374471818,Clu1A,1
Cell588,Cell588,Batch1,Path2,83184.4816983575,21,1.3637804656400099,Clu2A,2
Cell589,Cell589,Batch1,Path4,50344.93484153441,18,0.824542994845832,Clu3A,3
Cell590,Cell590,Batch1,Path6,63150.1459183675,2,1.0385837997896599,Clu3C,3
Cell591,Cell591,Batch1,Path2,62597.091789424005,56,1.03906065185568,Clu2A,2
Cell592,Cell592,Batch1,Path1,56648.3589619482,7,0.9380173433836941,Clu1A,1
Cell593,Cell593,Batch1,Path5,79130.2579325975,51,1.30923845519224,Clu3B,3
Cell594,Cell594,Batch1,Path2,52481.5836827538,43,0.8759279157530659,Clu2A,2
Cell595,Cell595,Batch1,Path5,68330.141328987,92,1.1206845710184,Clu3B,3
Cell596,Cell596,Batch1,Path2,59715.6172095959,96,0.9766588039059341,Clu2A,2
Cell597,Cell597,Batch1,Path3,49697.2033686913,85,0.828144050103011,Clu2B,2
Cell598,Cell598,Batch1,Path3,76338.89326078481,32,1.2652694060703402,Clu2B,2
Cell599,Cell599,Batch1,Path3,39431.9597207459,89,0.650130240905664,Clu2B,2
Cell600,Cell600,Batch1,Path3,53893.73444717361,28,0.883393117062468,Clu2B,2
